id,name,symbol,price_usd,price_inr,market_cap,price_change_24h,last_updated
bitcoin,Bitcoin,BTC,86601.0,7187883.0,1730204907646.0,-0.11469,"2025-12-18 07:08:21.594807"
ethereum,Ethereum,ETH,2829.54,234851.82,341878912048.0,-3.58132,"2025-12-18 07:08:21.596781"
tether,Tether,USDT,0.999663,82.97,186253437377.0,-0.01465,"2025-12-18 07:08:21.596849"
binancecoin,BNB,BNB,833.93,69216.19,114959067206.0,-3.69563,"2025-12-18 07:08:21.596860"
ripple,XRP,XRP,1.83,151.89,110939005980.0,-4.55107,"2025-12-18 07:08:21.596870"
usd-coin,USDC,USDC,0.999884,82.99,77998816860.0,-0.01079,"2025-12-18 07:08:21.596879"
solana,Solana,SOL,122.76,10189.08,69016666042.0,-3.99403,"2025-12-18 07:08:21.596885"
tron,TRON,TRX,0.276996,22.99,26231168882.0,-1.04931,"2025-12-18 07:08:21.596892"
staked-ether,"Lido Staked Ether",STETH,2829.89,234880.87,24826543411.0,-3.64936,"2025-12-18 07:08:21.596898"
dogecoin,Dogecoin,DOGE,0.124658,10.35,18973252396.0,-4.68717,"2025-12-18 07:08:21.596905"
figure-heloc,"Figure Heloc",FIGR_HELOC,1.001,83.08,14282775361.0,-3.08003,"2025-12-18 07:08:21.596911"
cardano,Cardano,ADA,0.361418,30.0,13254546120.0,-4.9246,"2025-12-18 07:08:21.596918"
whitebit,"WhiteBIT Coin",WBT,58.16,4827.28,12435831534.0,1.22876,"2025-12-18 07:08:21.596925"
wrapped-steth,"Wrapped stETH",WSTETH,3461.32,287289.56,10923774768.0,-3.62238,"2025-12-18 07:08:21.596932"
wrapped-bitcoin,"Wrapped Bitcoin",WBTC,86526.0,7181658.0,10774836627.0,-0.07497,"2025-12-18 07:08:21.596938"
bitcoin-cash,"Bitcoin Cash",BCH,528.94,43902.02,10567906030.0,-3.09654,"2025-12-18 07:08:21.596945"
wrapped-beacon-eth,"Wrapped Beacon ETH",WBETH,3073.54,255103.82,10034445821.0,-3.6639,"2025-12-18 07:08:21.596951"
usds,USDS,USDS,0.999976,83.0,9933759586.0,4.0e-05,"2025-12-18 07:08:21.596957"
binance-bridged-usdt-bnb-smart-chain,"Binance Bridged USDT (BNB Smart Chain)",BSC-USD,0.999136,82.93,8984704838.0,0.02036,"2025-12-18 07:08:21.596964"
chainlink,Chainlink,LINK,12.12,1005.96,8445280615.0,-4.80131,"2025-12-18 07:08:21.596971"
wrapped-eeth,"Wrapped eETH",WEETH,3069.73,254787.59,8411873808.0,-3.5841,"2025-12-18 07:08:21.596977"
monero,Monero,XMR,429.39,35639.37,7922237972.0,0.30271,"2025-12-18 07:08:21.596984"
weth,WETH,WETH,2833.46,235177.18,7338164169.0,-3.60577,"2025-12-18 07:08:21.596990"
stellar,Stellar,XLM,0.208581,17.31,6743585960.0,-4.46007,"2025-12-18 07:08:21.596997"
hyperliquid,Hyperliquid,HYPE,24.33,2019.39,6590121929.0,-10.45487,"2025-12-18 07:08:21.597004"
zcash,Zcash,ZEC,393.69,32676.27,6486479243.0,0.69222,"2025-12-18 07:08:21.597010"
ethena-usde,"Ethena USDe",USDE,0.998823,82.9,6432238804.0,-0.02692,"2025-12-18 07:08:21.597017"
coinbase-wrapped-btc,"Coinbase Wrapped BTC",CBBTC,86594.0,7187302.0,6341485182.0,-0.27869,"2025-12-18 07:08:21.597023"
leo-token,"LEO Token",LEO,6.79,563.57,6264535218.0,-24.61951,"2025-12-18 07:08:21.597030"
litecoin,Litecoin,LTC,75.26,6246.58,5765543204.0,-4.78116,"2025-12-18 07:08:21.597037"
sui,Sui,SUI,1.4,116.2,5224406731.0,-5.49452,"2025-12-18 07:08:21.597043"
avalanche-2,Avalanche,AVAX,11.73,973.59,5041174134.0,-4.03217,"2025-12-18 07:08:21.597050"
susds,sUSDS,SUSDS,1.076,89.31,4701321485.0,-0.15711,"2025-12-18 07:08:21.597056"
hedera-hashgraph,Hedera,HBAR,0.108446,9.0,4609229644.0,-4.0533,"2025-12-18 07:08:21.597063"
shiba-inu,"Shiba Inu",SHIB,7.45e-06,0.0,4393605377.0,-4.62174,"2025-12-18 07:08:21.597069"
dai,Dai,DAI,0.99946,82.96,4304576120.0,-0.00386,"2025-12-18 07:08:21.597076"
usdt0,USDT0,USDT0,0.999447,82.95,4237890837.0,0.0078,"2025-12-18 07:08:21.597082"
mantle,Mantle,MNT,1.2,99.6,3892424386.0,-6.7333,"2025-12-18 07:08:21.597088"
paypal-usd,"PayPal USD",PYUSD,0.999795,82.98,3873434957.0,-0.00683,"2025-12-18 07:08:21.597095"
the-open-network,Toncoin,TON,1.47,122.01,3599896452.0,-4.27883,"2025-12-18 07:08:21.597101"
crypto-com-chain,Cronos,CRO,0.09008,7.48,3480135356.0,-4.7522,"2025-12-18 07:08:21.597107"
ethena-staked-usde,"Ethena Staked USDe",SUSDE,1.21,100.43,3444113368.0,0.05567,"2025-12-18 07:08:21.597113"
world-liberty-financial,"World Liberty Financial",WLFI,0.124343,10.32,3386943384.0,-8.49373,"2025-12-18 07:08:21.597120"
uniswap,Uniswap,UNI,4.92,408.36,3099620841.0,-3.39365,"2025-12-18 07:08:21.597126"
polkadot,Polkadot,DOT,1.79,148.57,2943855209.0,-4.8366,"2025-12-18 07:08:21.597132"
memecore,MemeCore,M,1.68,139.44,2873136745.0,-1.1167,"2025-12-18 07:08:21.597168"
canton-network,Canton,CC,0.075629,6.28,2743347358.0,5.94566,"2025-12-18 07:08:21.597175"
usd1-wlfi,USD1,USD1,0.999088,82.92,2738442171.0,0.00854,"2025-12-18 07:08:21.597182"
aave,Aave,AAVE,177.07,14696.81,2690947393.0,-4.45697,"2025-12-18 07:08:21.597188"
rain,Rain,RAIN,0.00752409,0.62,2554100303.0,-1.24875,"2025-12-18 07:08:21.597194"
